gameweek,id,player_name,team_short,position,predicted_points,event_points,error,abs_error
10,21.0,Rice,ARS,Midfielder,6.33,13,-6.67,6.67
10,666.0,Gyökeres,ARS,Forward,1.52,7,-5.48,5.48
10,6.0,Saliba,ARS,Defender,1.24,6,-4.76,4.76
10,22.0,Merino,ARS,Midfielder,5.605,1,4.605,4.605
10,7.0,Calafiori,ARS,Defender,1.83,6,-4.17,4.17
10,20.0,Trossard,ARS,Midfielder,1.925,6,-4.075,4.075
10,1.0,Raya,ARS,Goalkeeper,2.1,6,-3.9,3.9
10,17.0,Ødegaard,ARS,Midfielder,3.85,0,3.85,3.85
10,8.0,J.Timber,ARS,Defender,4.36,6,-1.6399999999999997,1.6399999999999997
10,26.0,Zubimendi,ARS,Midfielder,1.73,3,-1.27,1.27
10,19.0,Martinelli,ARS,Midfielder,1.05,0,1.05,1.05
10,662.0,Mosquera,ARS,Defender,1.01,0,1.01,1.01
10,725.0,Hincapie,ARS,Defender,0.005,1,-0.995,0.995
10,24.0,Nørgaard,ARS,Midfielder,0.005,1,-0.995,0.995
10,25.0,Nwaneri,ARS,Midfielder,0.01,1,-0.99,0.99
10,16.0,Saka,ARS,Midfielder,2.14,3,-0.8599999999999999,0.8599999999999999
10,5.0,Gabriel,ARS,Defender,11.175,12,-0.8249999999999993,0.8249999999999993
10,266.0,Eze,ARS,Midfielder,2.45,3,-0.5499999999999998,0.5499999999999998
10,10.0,Lewis-Skelly,ARS,Defender,0.915,1,-0.08499999999999996,0.08499999999999996
10,4.0,Setford,ARS,Goalkeeper,0.0,0,0.0,0.0
10,3.0,Hein,ARS,Goalkeeper,0.0,0,0.0,0.0
10,28.0,Kabia,ARS,Midfielder,0.0,0,0.0,0.0
10,23.0,Fábio Vieira,ARS,Midfielder,0.0,0,0.0,0.0
10,711.0,Harriman-Annous,ARS,Midfielder,0.0,0,0.0,0.0
10,18.0,Madueke,ARS,Midfielder,0.0,0,0.0,0.0
10,2.0,Arrizabalaga,ARS,Goalkeeper,0.0,0,0.0,0.0
10,11.0,White,ARS,Defender,0.0,0,0.0,0.0
10,13.0,Clarke,ARS,Defender,0.0,0,0.0,0.0
10,14.0,Kacurri,ARS,Defender,0.0,0,0.0,0.0
10,15.0,Nichols,ARS,Defender,0.0,0,0.0,0.0
10,700.0,Dowman,ARS,Midfielder,0.0,0,0.0,0.0
10,9.0,Kiwior,ARS,Defender,0.0,0,0.0,0.0
10,31.0,G.Jesus,ARS,Forward,0.0,0,0.0,0.0
10,29.0,Sambi,ARS,Midfielder,0.0,0,0.0,0.0
10,30.0,Havertz,ARS,Forward,0.0,0,0.0,0.0
10,50.0,Buendía,AVL,Midfielder,8.84,0,8.84,8.84
10,64.0,Watkins,AVL,Forward,7.995,2,5.995,5.995
10,54.0,McGinn,AVL,Midfielder,5.005,1,4.005,4.005
10,37.0,Digne,AVL,Defender,3.495,1,2.495,2.495
10,47.0,Rogers,AVL,Midfielder,3.315,1,2.315,2.315
10,36.0,Cash,AVL,Defender,2.055,0,2.055,2.055
10,44.0,Bogarde,AVL,Defender,1.825,0,1.825,1.825
10,719.0,Lindelöf,AVL,Defender,1.005,0,1.005,1.005
10,389.0,Elliott,AVL,Midfielder,1.0,0,1.0,1.0
10,39.0,Maatsen,AVL,Defender,0.0,1,-1.0,1.0
10,55.0,Barkley,AVL,Midfielder,0.0,1,-1.0,1.0
10,58.0,Kamara,AVL,Midfielder,1.01,2,-0.99,0.99
10,53.0,Malen,AVL,Midfielder,1.985,1,0.9850000000000001,0.9850000000000001
10,456.0,Sancho,AVL,Midfielder,0.015,1,-0.985,0.985
10,32.0,Martinez,AVL,Goalkeeper,1.895,1,0.895,0.895
10,59.0,Onana,AVL,Midfielder,0.27,1,-0.73,0.73
10,38.0,Konsa,AVL,Defender,1.67,1,0.6699999999999999,0.6699999999999999
10,41.0,Pau,AVL,Defender,1.25,1,0.25,0.25
10,40.0,Mings,AVL,Defender,1.005,1,0.004999999999999893,0.004999999999999893
10,65.0,Redmond,AVL,Forward,0.0,0,0.0,0.0
10,57.0,Dobbin,AVL,Midfielder,0.0,0,0.0,0.0
10,60.0,Broggio,AVL,Midfielder,0.0,0,0.0,0.0
10,61.0,Dendoncker,AVL,Midfielder,0.0,0,0.0,0.0
10,33.0,M.Bizot,AVL,Goalkeeper,0.0,0,0.0,0.0
10,34.0,Gauci,AVL,Goalkeeper,0.0,0,0.0,0.0
10,35.0,Marschall,AVL,Goalkeeper,0.0,0,0.0,0.0
10,42.0,A.García,AVL,Defender,0.0,0,0.0,0.0
10,43.0,Alex Moreno,AVL,Defender,0.0,0,0.0,0.0
10,45.0,Sousa,AVL,Defender,0.0,0,0.0,0.0
10,46.0,Yasin,AVL,Defender,0.0,0,0.0,0.0
10,48.0,Tielemans,AVL,Midfielder,0.0,0,0.0,0.0
10,710.0,Patterson,AVL,Defender,0.0,0,0.0,0.0
10,62.0,Jimoh-Aloba,AVL,Midfielder,0.0,0,0.0,0.0
10,49.0,Bailey,AVL,Midfielder,0.0,0,0.0,0.0
10,51.0,Iling Jr,AVL,Midfielder,0.0,0,0.0,0.0
10,56.0,Barrenechea,AVL,Midfielder,0.0,0,0.0,0.0
10,63.0,Young,AVL,Midfielder,0.0,0,0.0,0.0
10,701.0,Rowe,AVL,Defender,0.0,0,0.0,0.0
10,702.0,Burrowes,AVL,Midfielder,0.0,0,0.0,0.0
10,703.0,Proctor,AVL,Goalkeeper,0.0,0,0.0,0.0
10,688.0,Wright,AVL,Goalkeeper,0.0,0,0.0,0.0
10,169.0,Gomez,BHA,Midfielder,1.79,16,-14.21,14.21
10,173.0,Wieffer,BHA,Midfielder,2.835,10,-7.165,7.165
10,145.0,De Cuyper,BHA,Defender,6.6,0,6.6,6.6
10,160.0,Minteh,BHA,Midfielder,2.545,9,-6.455,6.455
10,146.0,Dunk,BHA,Defender,0.99,6,-5.01,5.01
10,151.0,Van Hecke,BHA,Defender,2.68,7,-4.32,4.32
10,148.0,F.Kadıoğlu,BHA,Defender,1.915,6,-4.085,4.085
10,139.0,Verbruggen,BHA,Goalkeeper,1.92,6,-4.08,4.08
10,162.0,Gruda,BHA,Midfielder,3.455,0,3.455,3.455
10,166.0,Ayari,BHA,Midfielder,1.51,3,-1.49,1.49
10,158.0,Georginio,BHA,Midfielder,1.695,3,-1.305,1.305
10,157.0,Mitoma,BHA,Midfielder,1.1,0,1.1,1.1
10,167.0,Baleba,BHA,Midfielder,1.92,3,-1.08,1.08
10,744.0,Oriola,BHA,Midfielder,0.0,1,-1.0,1.0
10,175.0,Knight,BHA,Midfielder,0.0,1,-1.0,1.0
10,172.0,Watson,BHA,Midfielder,0.005,1,-0.995,0.995
10,181.0,Kostoulas,BHA,Forward,0.095,1,-0.905,0.905
10,178.0,Welbeck,BHA,Forward,6.69,6,0.6900000000000004,0.6900000000000004
10,180.0,Tzimas,BHA,Forward,0.9,1,-0.09999999999999998,0.09999999999999998
10,170.0,Milner,BHA,Midfielder,0.09,0,0.09,0.09
10,144.0,Coppola,BHA,Defender,0.06,0,0.06,0.06
10,177.0,Moran,BHA,Midfielder,0.0,0,0.0,0.0
10,179.0,Ferguson,BHA,Forward,0.0,0,0.0,0.0
10,154.0,Cashin,BHA,Defender,0.0,0,0.0,0.0
10,155.0,Slater,BHA,Defender,0.0,0,0.0,0.0
10,156.0,Tasker,BHA,Defender,0.0,0,0.0,0.0
10,159.0,March,BHA,Midfielder,0.0,0,0.0,0.0
10,138.0,Steele,BHA,Goalkeeper,0.0,0,0.0,0.0
10,140.0,McGill,BHA,Goalkeeper,0.0,0,0.0,0.0
10,141.0,Rushworth,BHA,Goalkeeper,0.0,0,0.0,0.0
10,142.0,Scherpen,BHA,Goalkeeper,0.0,0,0.0,0.0
10,143.0,Boscagli,BHA,Defender,0.0,0,0.0,0.0
10,152.0,Veltman,BHA,Defender,0.0,0,0.0,0.0
10,153.0,Webster,BHA,Defender,0.0,0,0.0,0.0
10,161.0,Enciso,BHA,Midfielder,0.0,0,0.0,0.0
10,163.0,Hinshelwood,BHA,Midfielder,0.0,0,0.0,0.0
10,164.0,O'Riley,BHA,Midfielder,0.0,0,0.0,0.0
10,165.0,Sima,BHA,Midfielder,0.0,0,0.0,0.0
10,147.0,Estupiñan,BHA,Defender,0.0,0,0.0,0.0
10,150.0,Lamptey,BHA,Defender,0.0,0,0.0,0.0
10,171.0,Sarmiento,BHA,Midfielder,0.0,0,0.0,0.0
10,174.0,Yalcouye,BHA,Midfielder,0.0,0,0.0,0.0
10,176.0,Mazilu,BHA,Midfielder,0.0,0,0.0,0.0
10,85.0,Adams,BOU,Midfielder,1.735,8,-6.265,6.265
10,90.0,Scott,BOU,Midfielder,1.295,5,-3.705,3.705
10,87.0,Christie,BOU,Midfielder,3.505,1,2.505,2.505
10,100.0,Kroupi.Jr,BOU,Forward,4.125,2,2.125,2.125
10,72.0,Senesi,BOU,Defender,4.41,3,1.4100000000000001,1.4100000000000001
10,81.0,Kluivert,BOU,Midfielder,1.375,0,1.375,1.375
10,685.0,Diakité,BOU,Defender,1.98,1,0.98,0.98
10,86.0,Brooks,BOU,Midfielder,1.035,2,-0.9650000000000001,0.9650000000000001
10,697.0,Adli,BOU,Midfielder,0.94,0,0.94,0.94
10,88.0,Cook,BOU,Midfielder,0.08,1,-0.92,0.92
10,97.0,Evanilson,BOU,Forward,1.82,1,0.8200000000000001,0.8200000000000001
10,713.0,A.Jimenez,BOU,Defender,0.39,1,-0.61,0.61
10,74.0,Truffert,BOU,Defender,2.45,2,0.4500000000000002,0.4500000000000002
10,721.0,Milosavljević,BOU,Defender,0.23,0,0.23,0.23
10,84.0,Tavernier,BOU,Midfielder,1.77,2,-0.22999999999999998,0.22999999999999998
10,67.0,Petrović,BOU,Goalkeeper,2.145,2,0.14500000000000002,0.14500000000000002
10,391.0,Gannon-Doak,BOU,Midfielder,0.855,1,-0.14500000000000002,0.14500000000000002
10,77.0,Hill,BOU,Defender,0.125,0,0.125,0.125
10,98.0,Enes Ünal,BOU,Forward,0.005,0,0.005,0.005
10,66.0,Neto,BOU,Goalkeeper,0.0,0,0.0,0.0
10,68.0,Dennis,BOU,Goalkeeper,0.0,0,0.0,0.0
10,69.0,McKenna,BOU,Goalkeeper,0.0,0,0.0,0.0
10,70.0,Paulsen,BOU,Goalkeeper,0.0,0,0.0,0.0
10,71.0,Zabarnyi,BOU,Defender,0.0,0,0.0,0.0
10,73.0,Smith,BOU,Defender,0.0,0,0.0,0.0
10,76.0,Bevan,BOU,Defender,0.0,0,0.0,0.0
10,78.0,J.Araujo,BOU,Defender,0.0,0,0.0,0.0
10,79.0,Mepham,BOU,Defender,0.0,0,0.0,0.0
10,80.0,Soler,BOU,Defender,0.0,0,0.0,0.0
10,75.0,Akinmboni,BOU,Defender,0.0,0,0.0,0.0
10,687.0,Rees-Dottin,BOU,Midfielder,0.0,0,0.0,0.0
10,95.0,Silcott-Duberry,BOU,Midfielder,0.0,0,0.0,0.0
10,96.0,Winterburn,BOU,Midfielder,0.0,0,0.0,0.0
10,94.0,Sadi,BOU,Midfielder,0.0,0,0.0,0.0
10,89.0,Philip,BOU,Midfielder,0.0,0,0.0,0.0
10,91.0,Sinisterra,BOU,Midfielder,0.0,0,0.0,0.0
10,92.0,Faivre,BOU,Midfielder,0.0,0,0.0,0.0
10,93.0,H.Traorè,BOU,Midfielder,0.0,0,0.0,0.0
10,99.0,Adu-Adjei,BOU,Forward,0.0,0,0.0,0.0
10,101.0,Kelleher,BRE,Goalkeeper,7.715,1,6.715,6.715
10,136.0,Thiago,BRE,Forward,8.185,2,6.1850000000000005,6.1850000000000005
10,129.0,Yarmoliuk,BRE,Midfielder,6.145,2,4.145,4.145
10,124.0,Henderson,BRE,Midfielder,4.35,1,3.3499999999999996,3.3499999999999996
10,126.0,Jensen,BRE,Midfielder,4.23,1,3.2300000000000004,3.2300000000000004
10,116.0,Hickey,BRE,Defender,1.85,0,1.85,1.85
10,120.0,Schade,BRE,Midfielder,2.505,1,1.505,1.505
10,113.0,Van den Berg,BRE,Defender,1.565,3,-1.435,1.435
10,106.0,Collins,BRE,Defender,1.115,0,1.115,1.115
10,109.0,Henry,BRE,Defender,1.015,0,1.015,1.015
10,123.0,Carvalho,BRE,Midfielder,0.0,1,-1.0,1.0
10,27.0,Nelson,BRE,Midfielder,0.0,1,-1.0,1.0
10,128.0,Onyeka,BRE,Midfielder,0.925,0,0.925,0.925
10,110.0,Kayode,BRE,Defender,1.735,1,0.7350000000000001,0.7350000000000001
10,121.0,Damsgaard,BRE,Midfielder,1.52,2,-0.48,0.48
10,83.0,O.Dango,BRE,Midfielder,1.625,2,-0.375,0.375
10,125.0,Janelt,BRE,Midfielder,1.305,1,0.30499999999999994,0.30499999999999994
10,108.0,Ajer,BRE,Defender,1.25,1,0.25,0.25
10,107.0,Lewis-Potter,BRE,Defender,1.225,1,0.2250000000000001,0.2250000000000001
10,131.0,Konak,BRE,Midfielder,0.0,0,0.0,0.0
10,132.0,Maghoma,BRE,Midfielder,0.0,0,0.0,0.0
10,133.0,Peart-Harris,BRE,Midfielder,0.0,0,0.0,0.0
10,137.0,Morgan,BRE,Forward,0.0,0,0.0,0.0
10,114.0,Arthur,BRE,Defender,0.0,0,0.0,0.0
10,134.0,Trevitt,BRE,Midfielder,0.0,0,0.0,0.0
10,115.0,Fredrick,BRE,Defender,0.0,0,0.0,0.0
10,117.0,Ji-soo,BRE,Defender,0.0,0,0.0,0.0
10,118.0,Meghoma,BRE,Defender,0.0,0,0.0,0.0
10,122.0,Milambo,BRE,Midfielder,0.0,0,0.0,0.0
10,127.0,Nunes,BRE,Midfielder,0.0,0,0.0,0.0
10,130.0,Donovan,BRE,Midfielder,0.0,0,0.0,0.0
10,112.0,Roerslev,BRE,Defender,0.0,0,0.0,0.0
10,102.0,Balcombe,BRE,Goalkeeper,0.0,0,0.0,0.0
10,103.0,Cox,BRE,Goalkeeper,0.0,0,0.0,0.0
10,104.0,Eyestone,BRE,Goalkeeper,0.0,0,0.0,0.0
10,105.0,Valdimarsson,BRE,Goalkeeper,0.0,0,0.0,0.0
10,111.0,Pinnock,BRE,Defender,0.0,0,0.0,0.0
10,205.0,Cullen,BUR,Midfielder,4.065,1,3.0650000000000004,3.0650000000000004
10,200.0,Anthony,BUR,Midfielder,4.11,2,2.1100000000000003,2.1100000000000003
10,198.0,Tuanzebe,BUR,Defender,1.15,3,-1.85,1.85
10,215.0,Flemming,BUR,Forward,2.715,1,1.7149999999999999,1.7149999999999999
10,187.0,Walker,BUR,Defender,2.665,1,1.665,1.665
10,192.0,Hartman,BUR,Defender,2.505,1,1.505,1.505
10,217.0,Foster,BUR,Forward,1.325,0,1.325,1.325
10,722.0,Florentino,BUR,Midfielder,3.175,2,1.1749999999999998,1.1749999999999998
10,191.0,Estève,BUR,Defender,-0.14,1,-1.1400000000000001,1.1400000000000001
10,206.0,Edwards,BUR,Midfielder,0.0,1,-1.0,1.0
10,210.0,Tchaouna,BUR,Midfielder,1.85,1,0.8500000000000001,0.8500000000000001
10,676.0,Ugochukwu,BUR,Midfielder,2.465,2,0.46499999999999986,0.46499999999999986
10,209.0,Laurent,BUR,Midfielder,1.74,2,-0.26,0.26
10,470.0,Dúbravka,BUR,Goalkeeper,2.235,2,0.23499999999999988,0.23499999999999988
10,207.0,Hannibal,BUR,Midfielder,1.06,1,0.06000000000000005,0.06000000000000005
10,218.0,Barnes,BUR,Forward,0.05,0,0.05,0.05
10,190.0,Ekdal,BUR,Defender,0.045,0,0.045,0.045
10,199.0,Worrall,BUR,Defender,0.02,0,0.02,0.02
10,680.0,Broja,BUR,Forward,0.99,1,-0.010000000000000009,0.010000000000000009
10,202.0,Bruun Larsen,BUR,Midfielder,1.0,1,0.0,0.0
10,208.0,Koleosho,BUR,Midfielder,0.0,0,0.0,0.0
10,211.0,A.Ramsey,BUR,Midfielder,0.0,0,0.0,0.0
10,186.0,Roberts,BUR,Defender,0.0,0,0.0,0.0
10,188.0,Delcroix,BUR,Defender,0.0,0,0.0,0.0
10,189.0,Dodgson,BUR,Defender,0.0,0,0.0,0.0
10,183.0,Weiss,BUR,Goalkeeper,0.0,0,0.0,0.0
10,213.0,Banel,BUR,Midfielder,0.0,0,0.0,0.0
10,214.0,Trésor,BUR,Midfielder,0.0,0,0.0,0.0
10,216.0,Amdouni,BUR,Forward,0.0,0,0.0,0.0
10,219.0,Obafemi,BUR,Forward,0.0,0,0.0,0.0
10,212.0,Adewumi,BUR,Midfielder,0.0,0,0.0,0.0
10,204.0,Churlinov,BUR,Midfielder,0.0,0,0.0,0.0
10,203.0,Boateng,BUR,Midfielder,0.0,0,0.0,0.0
10,193.0,Humphreys,BUR,Defender,0.0,0,0.0,0.0
10,201.0,Benson,BUR,Midfielder,0.0,0,0.0,0.0
10,194.0,Jordan,BUR,Defender,0.0,0,0.0,0.0
10,195.0,Lucas Pires,BUR,Defender,0.0,0,0.0,0.0
10,196.0,Sambo,BUR,Defender,0.0,0,0.0,0.0
10,197.0,Sonne,BUR,Defender,0.0,0,0.0,0.0
10,184.0,Green,BUR,Goalkeeper,0.0,0,0.0,0.0
10,185.0,Hladký,BUR,Goalkeeper,0.0,0,0.0,0.0
10,241.0,Caicedo,CHE,Midfielder,1.9,10,-8.1,8.1
10,249.0,João Pedro,CHE,Forward,1.625,9,-7.375,7.375
10,230.0,Fofana,CHE,Defender,0.0,6,-6.0,6.0
10,237.0,Enzo,CHE,Midfielder,7.935,2,5.935,5.935
10,228.0,Gusto,CHE,Defender,0.07,6,-5.93,5.93
10,224.0,Cucurella,CHE,Defender,1.33,7,-5.67,5.67
10,226.0,Chalobah,CHE,Defender,1.595,7,-5.405,5.405
10,220.0,Sánchez,CHE,Goalkeeper,0.745,6,-5.255,5.255
10,453.0,Garnacho,CHE,Midfielder,0.21,3,-2.79,2.79
10,225.0,James,CHE,Defender,4.74,7,-2.26,2.26
10,672.0,Hato,CHE,Defender,1.53,0,1.53,1.53
10,238.0,Estêvão,CHE,Midfielder,2.47,1,1.4700000000000002,1.4700000000000002
10,233.0,Acheampong,CHE,Defender,1.345,0,1.345,1.345
10,246.0,Andrey Santos,CHE,Midfielder,1.015,0,1.015,1.015
10,232.0,Tosin,CHE,Defender,0.0,1,-1.0,1.0
10,239.0,Gittens,CHE,Midfielder,0.05,1,-0.95,0.95
10,236.0,Neto,CHE,Midfielder,2.23,3,-0.77,0.77
10,252.0,Marc Guiu,CHE,Forward,0.485,0,0.485,0.485
10,244.0,Lavia,CHE,Midfielder,0.955,1,-0.04500000000000004,0.04500000000000004
10,251.0,N.Jackson,CHE,Forward,0.0,0,0.0,0.0
10,250.0,Delap,CHE,Forward,0.0,0,0.0,0.0
10,245.0,Mudryk,CHE,Midfielder,0.0,0,0.0,0.0
10,247.0,D.Essugo,CHE,Midfielder,0.0,0,0.0,0.0
10,248.0,Paez,CHE,Midfielder,0.0,0,0.0,0.0
10,234.0,Anselmino,CHE,Defender,0.0,0,0.0,0.0
10,235.0,Palmer,CHE,Midfielder,0.0,0,0.0,0.0
10,240.0,Nkunku,CHE,Midfielder,0.0,0,0.0,0.0
10,229.0,B.Badiashile,CHE,Defender,0.0,0,0.0,0.0
10,221.0,Jörgensen,CHE,Goalkeeper,0.0,0,0.0,0.0
10,222.0,Penders,CHE,Goalkeeper,0.0,0,0.0,0.0
10,223.0,Slonina,CHE,Goalkeeper,0.0,0,0.0,0.0
10,227.0,Colwill,CHE,Defender,0.0,0,0.0,0.0
10,231.0,M.Sarr,CHE,Defender,0.0,0,0.0,0.0
10,743.0,Emenalo,CHE,Midfielder,0.0,0,0.0,0.0
10,272.0,Lerma,CRY,Midfielder,0.915,10,-9.085,9.085
10,267.0,Sarr,CRY,Midfielder,9.89,3,6.890000000000001,6.890000000000001
10,283.0,Mateta,CRY,Forward,2.21,9,-6.79,6.79
10,257.0,Lacroix,CRY,Defender,3.21,8,-4.79,4.79
10,253.0,Henderson,CRY,Goalkeeper,1.9,6,-4.1,4.1
10,256.0,Muñoz,CRY,Defender,2.305,6,-3.695,3.695
10,284.0,Nketiah,CRY,Forward,3.57,0,3.57,3.57
10,258.0,Mitchell,CRY,Defender,3.195,6,-2.805,2.805
10,261.0,Richards,CRY,Defender,3.47,6,-2.53,2.53
10,273.0,Wharton,CRY,Midfielder,2.33,0,2.33,2.33
10,723.0,Canvot,CRY,Defender,0.0,1,-1.0,1.0
10,271.0,Kamada,CRY,Midfielder,4.35,5,-0.6500000000000004,0.6500000000000004
10,712.0,Yeremy,CRY,Midfielder,2.55,3,-0.4500000000000002,0.4500000000000002
10,276.0,Devenny,CRY,Midfielder,1.01,1,0.010000000000000009,0.010000000000000009
10,270.0,Hughes,CRY,Midfielder,1.01,1,0.010000000000000009,0.010000000000000009
10,255.0,Matthews,CRY,Goalkeeper,0.0,0,0.0,0.0
10,285.0,Édouard,CRY,Forward,0.0,0,0.0,0.0
10,286.0,Marsh,CRY,Forward,0.0,0,0.0,0.0
10,259.0,Sosa,CRY,Defender,0.0,0,0.0,0.0
10,690.0,Cardines,CRY,Midfielder,0.0,0,0.0,0.0
10,281.0,Rodney,CRY,Midfielder,0.0,0,0.0,0.0
10,282.0,Umeh,CRY,Midfielder,0.0,0,0.0,0.0
10,732.0,Uche,CRY,Forward,0.0,0,0.0,0.0
10,262.0,Chadi Riad,CRY,Defender,0.0,0,0.0,0.0
10,263.0,Clyne,CRY,Defender,0.0,0,0.0,0.0
10,264.0,Holding,CRY,Defender,0.0,0,0.0,0.0
10,265.0,Kporha,CRY,Defender,0.0,0,0.0,0.0
10,268.0,Doucouré,CRY,Midfielder,0.0,0,0.0,0.0
10,269.0,Esse,CRY,Midfielder,0.0,0,0.0,0.0
10,254.0,Benitez,CRY,Goalkeeper,0.0,0,0.0,0.0
10,274.0,Agbinone,CRY,Midfielder,0.0,0,0.0,0.0
10,275.0,Ahamada,CRY,Midfielder,0.0,0,0.0,0.0
10,277.0,Ebiowei,CRY,Midfielder,0.0,0,0.0,0.0
10,278.0,J.Rak-Sakyi,CRY,Midfielder,0.0,0,0.0,0.0
10,279.0,M.França,CRY,Midfielder,0.0,0,0.0,0.0
10,280.0,Ozoh,CRY,Midfielder,0.0,0,0.0,0.0
10,299.0,Ndiaye,EVE,Midfielder,2.005,9,-6.995,6.995
10,295.0,Keane,EVE,Defender,8.86,4,4.859999999999999,4.859999999999999
10,303.0,Garner,EVE,Midfielder,6.035,2,4.035,4.035
10,302.0,Gana,EVE,Midfielder,1.555,4,-2.4450000000000003,2.4450000000000003
10,292.0,Mykolenko,EVE,Defender,0.865,2,-1.135,1.135
10,707.0,Dibling,EVE,Midfielder,1.02,0,1.02,1.02
10,310.0,Barry,EVE,Forward,1.01,0,1.01,1.01
10,300.0,McNeil,EVE,Midfielder,0.035,1,-0.965,0.965
10,291.0,Tarkowski,EVE,Defender,1.11,2,-0.8899999999999999,0.8899999999999999
10,304.0,Iroegbunam,EVE,Midfielder,0.15,1,-0.85,0.85
10,242.0,Dewsbury-Hall,EVE,Midfielder,1.17,2,-0.8300000000000001,0.8300000000000001
10,301.0,Alcaraz,EVE,Midfielder,0.615,0,0.615,0.615
10,419.0,Grealish,EVE,Midfielder,1.525,2,-0.4750000000000001,0.4750000000000001
10,287.0,Pickford,EVE,Goalkeeper,1.545,2,-0.45500000000000007,0.45500000000000007
10,311.0,Beto,EVE,Forward,1.425,1,0.42500000000000004,0.42500000000000004
10,293.0,O'Brien,EVE,Defender,1.82,2,-0.17999999999999994,0.17999999999999994
10,294.0,Coleman,EVE,Defender,0.03,0,0.03,0.03
10,667.0,Aznou,EVE,Defender,0.0,0,0.0,0.0
10,705.0,Campbell,EVE,Defender,0.0,0,0.0,0.0
10,307.0,Ebere,EVE,Midfielder,0.0,0,0.0,0.0
10,308.0,Heath,EVE,Midfielder,0.0,0,0.0,0.0
10,728.0,Röhl,EVE,Midfielder,0.0,0,0.0,0.0
10,630.0,King,EVE,Goalkeeper,0.0,0,0.0,0.0
10,704.0,Onyango,EVE,Midfielder,0.0,0,0.0,0.0
10,309.0,Metcalfe,EVE,Midfielder,0.0,0,0.0,0.0
10,312.0,Y.Chermiti,EVE,Forward,0.0,0,0.0,0.0
10,313.0,Sherif,EVE,Forward,0.0,0,0.0,0.0
10,288.0,Travers,EVE,Goalkeeper,0.0,0,0.0,0.0
10,289.0,Tyrer,EVE,Goalkeeper,0.0,0,0.0,0.0
10,290.0,Branthwaite,EVE,Defender,0.0,0,0.0,0.0
10,296.0,Patterson,EVE,Defender,0.0,0,0.0,0.0
10,298.0,Welch,EVE,Defender,0.0,0,0.0,0.0
10,305.0,Armstrong,EVE,Midfielder,0.0,0,0.0,0.0
10,306.0,Bates,EVE,Midfielder,0.0,0,0.0,0.0
10,297.0,Dixon,EVE,Defender,0.0,0,0.0,0.0
10,328.0,Sessegnon,FUL,Midfielder,1.515,14,-12.485,12.485
10,329.0,Wilson,FUL,Midfielder,0.925,10,-9.075,9.075
10,314.0,Leno,FUL,Goalkeeper,0.965,7,-6.035,6.035
10,322.0,Tete,FUL,Defender,0.0,6,-6.0,6.0
10,318.0,Bassey,FUL,Defender,0.005,6,-5.995,5.995
10,330.0,Berge,FUL,Midfielder,1.555,5,-3.4450000000000003,3.4450000000000003
10,319.0,Castagne,FUL,Defender,3.105,0,3.105,3.105
10,317.0,Andersen,FUL,Defender,3.235,6,-2.765,2.765
10,335.0,King,FUL,Midfielder,0.815,3,-2.185,2.185
10,731.0,Kevin,FUL,Midfielder,1.01,3,-1.99,1.99
10,332.0,Lukić,FUL,Midfielder,1.635,0,1.635,1.635
10,324.0,Iwobi,FUL,Midfielder,1.82,3,-1.18,1.18
10,316.0,Robinson,FUL,Defender,1.01,0,1.01,1.01
10,338.0,Muniz,FUL,Forward,0.0,1,-1.0,1.0
10,331.0,Cairney,FUL,Midfielder,0.31,1,-0.69,0.69
10,337.0,Raúl,FUL,Forward,4.595,5,-0.40500000000000025,0.40500000000000025
10,320.0,Diop,FUL,Defender,0.335,0,0.335,0.335
10,321.0,J.Cuenca,FUL,Defender,0.185,0,0.185,0.185
10,727.0,Chukwueze,FUL,Midfielder,1.145,1,0.14500000000000002,0.14500000000000002
10,737.0,Kusi-Asare,FUL,Forward,0.045,0,0.045,0.045
10,325.0,Smith Rowe,FUL,Midfielder,1.01,1,0.010000000000000009,0.010000000000000009
10,664.0,Lecomte,FUL,Goalkeeper,0.0,0,0.0,0.0
10,336.0,Reed,FUL,Midfielder,0.0,0,0.0,0.0
10,323.0,Amissah,FUL,Defender,0.0,0,0.0,0.0
10,327.0,Andreas,FUL,Midfielder,0.0,0,0.0,0.0
10,334.0,Harris,FUL,Midfielder,0.0,0,0.0,0.0
10,333.0,Godo,FUL,Midfielder,0.0,0,0.0,0.0
10,315.0,Benda,FUL,Goalkeeper,0.0,0,0.0,0.0
10,493.0,Longstaff,LEE,Midfielder,8.54,1,7.539999999999999,7.539999999999999
10,348.0,Rodon,LEE,Defender,3.37,1,2.37,2.37
10,665.0,Perri,LEE,Goalkeeper,0.005,2,-1.995,1.995
10,341.0,Darlow,LEE,Goalkeeper,1.645,0,1.645,1.645
10,358.0,Tanaka,LEE,Midfielder,0.58,2,-1.42,1.42
10,342.0,Bogle,LEE,Defender,2.355,1,1.355,1.355
10,343.0,Struijk,LEE,Defender,1.3,0,1.3,1.3
10,350.0,Aaronson,LEE,Midfielder,3.23,2,1.23,1.23
10,706.0,Justin,LEE,Defender,0.005,1,-0.995,0.995
10,353.0,James,LEE,Midfielder,0.01,1,-0.99,0.99
10,344.0,Bijol,LEE,Defender,0.025,1,-0.975,0.975
10,660.0,Stach,LEE,Midfielder,1.815,1,0.815,0.815
10,691.0,Calvert-Lewin,LEE,Forward,1.605,2,-0.395,0.395
10,698.0,Okafor,LEE,Midfielder,1.72,2,-0.28,0.28
10,352.0,Harrison,LEE,Midfielder,1.125,1,0.125,0.125
10,347.0,Gudmundsson,LEE,Defender,0.91,1,-0.08999999999999997,0.08999999999999997
10,362.0,Piroe,LEE,Forward,0.05,0,0.05,0.05
10,354.0,Ampadu,LEE,Midfielder,1.035,1,0.03499999999999992,0.03499999999999992
10,365.0,Nmecha,LEE,Forward,1.005,1,0.004999999999999893,0.004999999999999893
10,349.0,Schmidt,LEE,Defender,0.0,0,0.0,0.0
10,339.0,Meslier,LEE,Goalkeeper,0.0,0,0.0,0.0
10,356.0,Gruev,LEE,Midfielder,0.0,0,0.0,0.0
10,357.0,Ramazani,LEE,Midfielder,0.0,0,0.0,0.0
10,340.0,Cairns,LEE,Goalkeeper,0.0,0,0.0,0.0
10,345.0,Bornauw,LEE,Defender,0.0,0,0.0,0.0
10,346.0,Byram,LEE,Defender,0.0,0,0.0,0.0
10,741.0,Gray,LEE,Forward,0.0,0,0.0,0.0
10,351.0,Gnonto,LEE,Midfielder,0.0,0,0.0,0.0
10,355.0,Greenwood,LEE,Midfielder,0.0,0,0.0,0.0
10,359.0,Crew,LEE,Midfielder,0.0,0,0.0,0.0
10,361.0,Gyabi,LEE,Midfielder,0.0,0,0.0,0.0
10,363.0,Bamford,LEE,Forward,0.0,0,0.0,0.0
10,364.0,Mateo Joseph,LEE,Forward,0.0,0,0.0,0.0
10,360.0,Gelhardt,LEE,Midfielder,0.0,0,0.0,0.0
10,381.0,M.Salah,LIV,Midfielder,1.955,10,-8.045,8.045
10,372.0,Robertson,LIV,Defender,0.0,8,-8.0,8.0
10,367.0,Mamardashvili,LIV,Goalkeeper,0.155,7,-6.845,6.845
10,374.0,Konaté,LIV,Defender,2.29,8,-5.71,5.71
10,375.0,Bradley,LIV,Defender,1.075,6,-4.925,4.925
10,390.0,Gravenberch,LIV,Midfielder,6.495,11,-4.505,4.505
10,386.0,Mac Allister,LIV,Midfielder,1.665,6,-4.335,4.335
10,373.0,Virgil,LIV,Defender,1.85,5,-3.15,3.15
10,385.0,Chiesa,LIV,Midfielder,2.15,0,2.15,2.15
10,499.0,Isak,LIV,Forward,1.61,0,1.61,1.61
10,384.0,Gakpo,LIV,Midfielder,1.455,3,-1.545,1.545
10,661.0,Ekitiké,LIV,Forward,0.565,2,-1.435,1.435
10,366.0,A.Becker,LIV,Goalkeeper,1.28,0,1.28,1.28
10,387.0,Szoboszlai,LIV,Midfielder,3.14,2,1.1400000000000001,1.1400000000000001
10,388.0,C.Jones,LIV,Midfielder,1.085,0,1.085,1.085
10,686.0,Ngumoha,LIV,Midfielder,1.02,0,1.02,1.02
10,370.0,Frimpong,LIV,Defender,1.01,0,1.01,1.01
10,371.0,Kerkez,LIV,Defender,0.67,0,0.67,0.67
10,382.0,Wirtz,LIV,Midfielder,1.67,1,0.6699999999999999,0.6699999999999999
10,392.0,Endo,LIV,Midfielder,0.025,0,0.025,0.025
10,376.0,Gomez,LIV,Defender,0.02,0,0.02,0.02
10,746.0,Morrison,LIV,Midfielder,0.0,0,0.0,0.0
10,398.0,Danns,LIV,Forward,0.0,0,0.0,0.0
10,369.0,Woodman,LIV,Goalkeeper,0.0,0,0.0,0.0
10,397.0,Darwin,LIV,Forward,0.0,0,0.0,0.0
10,396.0,Nyoni,LIV,Midfielder,0.0,0,0.0,0.0
10,692.0,Leoni,LIV,Defender,0.0,0,0.0,0.0
10,379.0,R.Williams,LIV,Defender,0.0,0,0.0,0.0
10,380.0,Ramsay,LIV,Defender,0.0,0,0.0,0.0
10,383.0,Luis Díaz,LIV,Midfielder,0.0,0,0.0,0.0
10,393.0,Bajcetic,LIV,Midfielder,0.0,0,0.0,0.0
10,394.0,McConnell,LIV,Midfielder,0.0,0,0.0,0.0
10,395.0,Morton,LIV,Midfielder,0.0,0,0.0,0.0
10,368.0,Pécsi,LIV,Goalkeeper,0.0,0,0.0,0.0
10,377.0,Tsimikas,LIV,Defender,0.0,0,0.0,0.0
10,378.0,Nallo,LIV,Defender,0.0,0,0.0,0.0
10,417.0,Cherki,MCI,Midfielder,0.01,10,-9.99,9.99
10,418.0,Doku,MCI,Midfielder,8.065,2,6.0649999999999995,6.0649999999999995
10,407.0,Matheus N.,MCI,Defender,7.41,2,5.41,5.41
10,430.0,Haaland,MCI,Forward,9.735,13,-3.2650000000000006,3.2650000000000006
10,414.0,Foden,MCI,Midfielder,0.985,4,-3.015,3.015
10,423.0,N.Gonzalez,MCI,Midfielder,1.355,4,-2.645,2.645
10,410.0,Lewis,MCI,Defender,1.005,0,1.005,1.005
10,402.0,Aït-Nouri,MCI,Defender,0.0,1,-1.0,1.0
10,421.0,Rodrigo,MCI,Midfielder,0.045,1,-0.955,0.955
10,405.0,Aké,MCI,Defender,0.95,0,0.95,0.95
10,416.0,Bernardo,MCI,Midfielder,1.065,2,-0.935,0.935
10,413.0,Marmoush,MCI,Midfielder,0.165,1,-0.835,0.835
10,427.0,Reijnders,MCI,Midfielder,1.61,1,0.6100000000000001,0.6100000000000001
10,403.0,Gvardiol,MCI,Defender,1.575,2,-0.42500000000000004,0.42500000000000004
10,415.0,Savinho,MCI,Midfielder,1.425,1,0.42500000000000004,0.42500000000000004
10,408.0,Rúben,MCI,Defender,2.31,2,0.31000000000000005,0.31000000000000005
10,736.0,Donnarumma,MCI,Goalkeeper,1.785,2,-0.21500000000000008,0.21500000000000008
10,422.0,Kovačić,MCI,Midfielder,0.025,0,0.025,0.025
10,182.0,Trafford,MCI,Goalkeeper,0.0,0,0.0,0.0
10,740.0,Mfuni,MCI,Defender,0.0,0,0.0,0.0
10,399.0,Ederson M.,MCI,Goalkeeper,0.0,0,0.0,0.0
10,429.0,Phillips,MCI,Midfielder,0.0,0,0.0,0.0
10,401.0,Bettinelli,MCI,Goalkeeper,0.0,0,0.0,0.0
10,404.0,Akanji,MCI,Defender,0.0,0,0.0,0.0
10,406.0,Khusanov,MCI,Defender,0.0,0,0.0,0.0
10,409.0,Stones,MCI,Defender,0.0,0,0.0,0.0
10,742.0,McAidoo,MCI,Midfielder,0.0,0,0.0,0.0
10,739.0,Mukasa,MCI,Midfielder,0.0,0,0.0,0.0
10,428.0,Nypan,MCI,Midfielder,0.0,0,0.0,0.0
10,412.0,Vitor Reis,MCI,Defender,0.0,0,0.0,0.0
10,420.0,Gündoğan,MCI,Midfielder,0.0,0,0.0,0.0
10,425.0,Echeverri,MCI,Midfielder,0.0,0,0.0,0.0
10,457.0,Casemiro,MUN,Midfielder,1.665,12,-10.335,10.335
10,452.0,Amad,MUN,Midfielder,0.8,9,-8.2,8.2
10,449.0,B.Fernandes,MUN,Midfielder,1.535,5,-3.465,3.465
10,119.0,Mbeumo,MUN,Midfielder,4.91,2,2.91,2.91
10,450.0,Cunha,MUN,Midfielder,1.355,4,-2.645,2.645
10,459.0,Ugarte,MUN,Midfielder,2.2,0,2.2,2.2
10,681.0,Šeško,MUN,Forward,4.16,2,2.16,2.16
10,436.0,De Ligt,MUN,Defender,2.295,1,1.295,1.295
10,431.0,Bayindir,MUN,Goalkeeper,1.045,0,1.045,1.045
10,441.0,Dorgu,MUN,Defender,-0.015,1,-1.015,1.015
10,466.0,Zirkzee,MUN,Forward,0.995,0,0.995,0.995
10,458.0,Mainoo,MUN,Midfielder,0.995,0,0.995,0.995
10,442.0,Maguire,MUN,Defender,0.955,0,0.955,0.955
10,455.0,Mount,MUN,Midfielder,0.935,0,0.935,0.935
10,443.0,Shaw,MUN,Defender,1.445,1,0.44500000000000006,0.44500000000000006
10,440.0,Dalot,MUN,Defender,0.815,1,-0.18500000000000005,0.18500000000000005
10,444.0,Yoro,MUN,Defender,0.915,1,-0.08499999999999996,0.08499999999999996
10,447.0,Heaven,MUN,Defender,-0.015,0,-0.015,0.015
10,733.0,Lammens,MUN,Goalkeeper,1.01,1,0.010000000000000009,0.010000000000000009
10,432.0,Onana,MUN,Goalkeeper,0.0,0,0.0,0.0
10,433.0,Harrison,MUN,Goalkeeper,0.0,0,0.0,0.0
10,434.0,Heaton,MUN,Goalkeeper,0.0,0,0.0,0.0
10,465.0,Højlund,MUN,Forward,0.0,0,0.0,0.0
10,467.0,Obi,MUN,Forward,0.0,0,0.0,0.0
10,468.0,Wheatley,MUN,Forward,0.0,0,0.0,0.0
10,435.0,Mee,MUN,Goalkeeper,0.0,0,0.0,0.0
10,437.0,Martinez,MUN,Defender,0.0,0,0.0,0.0
10,438.0,Mazraoui,MUN,Defender,0.0,0,0.0,0.0
10,439.0,D.Leon,MUN,Defender,0.0,0,0.0,0.0
10,445.0,Amass,MUN,Defender,0.0,0,0.0,0.0
10,446.0,Fredricson,MUN,Defender,0.0,0,0.0,0.0
10,448.0,Malacia,MUN,Defender,0.0,0,0.0,0.0
10,454.0,Antony,MUN,Midfielder,0.0,0,0.0,0.0
10,460.0,Collyer,MUN,Midfielder,0.0,0,0.0,0.0
10,461.0,Fitzgerald,MUN,Midfielder,0.0,0,0.0,0.0
10,462.0,J.Fletcher,MUN,Midfielder,0.0,0,0.0,0.0
10,463.0,Kone,MUN,Midfielder,0.0,0,0.0,0.0
10,464.0,Moorhouse,MUN,Midfielder,0.0,0,0.0,0.0
10,451.0,Rashford,MUN,Midfielder,0.0,0,0.0,0.0
10,489.0,J.Murphy,NEW,Midfielder,1.53,8,-6.47,6.47
10,714.0,Woltemade,NEW,Forward,5.855,1,4.855,4.855
10,477.0,Livramento,NEW,Defender,4.265,0,4.265,4.265
10,491.0,Tonali,NEW,Midfielder,5.8,2,3.8,3.8
10,475.0,Botman,NEW,Defender,1.77,-1,2.77,2.77
10,488.0,Bruno G.,NEW,Midfielder,5.475,4,1.4749999999999996,1.4749999999999996
10,485.0,Gordon,NEW,Midfielder,2.45,1,1.4500000000000002,1.4500000000000002
10,684.0,Thiaw,NEW,Defender,2.3,1,1.2999999999999998,1.2999999999999998
10,469.0,Pope,NEW,Goalkeeper,1.79,3,-1.21,1.21
10,474.0,Schär,NEW,Defender,0.085,1,-0.915,0.915
10,478.0,Trippier,NEW,Defender,0.745,0,0.745,0.745
10,490.0,Joelinton,NEW,Midfielder,2.495,2,0.4950000000000001,0.4950000000000001
10,497.0,L.Miley,NEW,Midfielder,0.35,0,0.35,0.35
10,476.0,Burn,NEW,Defender,0.83,1,-0.17000000000000004,0.17000000000000004
10,500.0,Osula,NEW,Forward,0.845,1,-0.15500000000000003,0.15500000000000003
10,486.0,Elanga,NEW,Midfielder,0.965,1,-0.03500000000000003,0.03500000000000003
10,52.0,J.Ramsey,NEW,Midfielder,0.01,0,0.01,0.01
10,487.0,Barnes,NEW,Midfielder,1.005,1,0.004999999999999893,0.004999999999999893
10,674.0,Ramsdale,NEW,Goalkeeper,0.0,0,0.0,0.0
10,135.0,Wissa,NEW,Forward,0.0,0,0.0,0.0
10,689.0,Seung soo,NEW,Midfielder,0.0,0,0.0,0.0
10,471.0,Gillespie,NEW,Goalkeeper,0.0,0,0.0,0.0
10,472.0,Odysseas,NEW,Goalkeeper,0.0,0,0.0,0.0
10,473.0,Hall,NEW,Defender,0.0,0,0.0,0.0
10,479.0,Krafth,NEW,Defender,0.0,0,0.0,0.0
10,480.0,Lascelles,NEW,Defender,0.0,0,0.0,0.0
10,481.0,A.Murphy,NEW,Defender,0.0,0,0.0,0.0
10,483.0,Pivas,NEW,Defender,0.0,0,0.0,0.0
10,484.0,Targett,NEW,Defender,0.0,0,0.0,0.0
10,492.0,Antoñito C.,NEW,Midfielder,0.0,0,0.0,0.0
10,494.0,Willock,NEW,Midfielder,0.0,0,0.0,0.0
10,495.0,Hayden,NEW,Midfielder,0.0,0,0.0,0.0
10,496.0,Kuol,NEW,Midfielder,0.0,0,0.0,0.0
10,498.0,White,NEW,Midfielder,0.0,0,0.0,0.0
10,482.0,Ashby,NEW,Defender,0.0,0,0.0,0.0
10,501.0,Neave,NEW,Forward,0.0,0,0.0,0.0
10,716.0,Savona,NFO,Defender,0.05,7,-6.95,6.95
10,515.0,Gibbs-White,NFO,Midfielder,1.08,8,-6.92,6.92
10,522.0,Yates,NFO,Midfielder,0.0,5,-5.0,5.0
10,526.0,Igor Jesus,NFO,Forward,0.925,5,-4.075,4.075
10,506.0,Murillo,NFO,Defender,0.0,3,-3.0,3.0
10,511.0,Morato,NFO,Defender,1.91,0,1.91,1.91
10,525.0,Wood,NFO,Forward,1.875,0,1.875,1.875
10,517.0,Anderson,NFO,Midfielder,2.535,4,-1.4649999999999999,1.4649999999999999
10,12.0,Zinchenko,NFO,Defender,1.375,0,1.375,1.375
10,734.0,Bakwa,NFO,Midfielder,1.355,0,1.355,1.355
10,516.0,Hudson-Odoi,NFO,Midfielder,0.93,2,-1.0699999999999998,1.0699999999999998
10,696.0,Kalimuendo,NFO,Forward,1.055,0,1.055,1.055
10,426.0,McAtee,NFO,Midfielder,1.005,0,1.005,1.005
10,527.0,Awoniyi,NFO,Forward,0.0,1,-1.0,1.0
10,521.0,Sangaré,NFO,Midfielder,0.025,1,-0.975,0.975
10,693.0,Hutchinson,NFO,Midfielder,0.95,0,0.95,0.95
10,669.0,Ndoye,NFO,Midfielder,1.165,1,0.16500000000000004,0.16500000000000004
10,508.0,N.Williams,NFO,Defender,0.85,1,-0.15000000000000002,0.15000000000000002
10,502.0,Sels,NFO,Goalkeeper,1.94,2,-0.06000000000000005,0.06000000000000005
10,519.0,Dominguez,NFO,Midfielder,0.035,0,0.035,0.035
10,505.0,Milenković,NFO,Defender,1.025,1,0.02499999999999991,0.02499999999999991
10,520.0,O'Brien,NFO,Midfielder,0.0,0,0.0,0.0
10,523.0,Da Silva Moreira,NFO,Midfielder,0.0,0,0.0,0.0
10,524.0,Stamenic,NFO,Midfielder,0.0,0,0.0,0.0
10,514.0,Boly,NFO,Defender,0.0,0,0.0,0.0
10,518.0,Jota,NFO,Midfielder,0.0,0,0.0,0.0
10,675.0,Gunn,NFO,Goalkeeper,0.0,0,0.0,0.0
10,729.0,Cuiabano,NFO,Defender,0.0,0,0.0,0.0
10,715.0,John,NFO,Goalkeeper,0.0,0,0.0,0.0
10,513.0,Abbott,NFO,Defender,0.0,0,0.0,0.0
10,503.0,C.Miguel,NFO,Goalkeeper,0.0,0,0.0,0.0
10,504.0,Turner,NFO,Goalkeeper,0.0,0,0.0,0.0
10,507.0,Aina,NFO,Defender,0.0,0,0.0,0.0
10,509.0,David Carmo,NFO,Defender,0.0,0,0.0,0.0
10,510.0,Jair Cunha,NFO,Defender,0.0,0,0.0,0.0
10,512.0,O.Richards,NFO,Defender,0.0,0,0.0,0.0
10,683.0,Alderete,SUN,Defender,10.335,0,10.335,10.335
10,694.0,Mukiele,SUN,Defender,7.835,1,6.835,6.835
10,670.0,Roefs,SUN,Goalkeeper,7.365,2,5.365,5.365
10,547.0,E.Le Fée,SUN,Midfielder,2.71,6,-3.29,3.29
10,532.0,Hume,SUN,Defender,3.595,1,2.595,2.595
10,531.0,Ballard,SUN,Defender,1.435,4,-2.565,2.565
10,541.0,Reinildo,SUN,Defender,0.0,2,-2.0,2.0
10,553.0,Talbi,SUN,Midfielder,2.955,1,1.955,1.955
10,552.0,Sadiki,SUN,Midfielder,1.675,3,-1.325,1.325
10,668.0,Xhaka,SUN,Midfielder,8.75,10,-1.25,1.25
10,735.0,Traoré,SUN,Midfielder,0.88,2,-1.12,1.12
10,551.0,Rigg,SUN,Midfielder,1.115,0,1.115,1.115
10,543.0,Adingra,SUN,Midfielder,1.0,0,1.0,1.0
10,724.0,Geertruida,SUN,Defender,1.09,2,-0.9099999999999999,0.9099999999999999
10,560.0,Isidor,SUN,Forward,1.455,2,-0.5449999999999999,0.5449999999999999
10,730.0,Brobbey,SUN,Forward,0.775,1,-0.22499999999999998,0.22499999999999998
10,549.0,Neil,SUN,Midfielder,0.005,0,0.005,0.005
10,564.0,Rusyn,SUN,Forward,0.0,0,0.0,0.0
10,563.0,Luís Hemir,SUN,Forward,0.0,0,0.0,0.0
10,559.0,Triantis,SUN,Midfielder,0.0,0,0.0,0.0
10,561.0,Mayenda,SUN,Forward,0.0,0,0.0,0.0
10,562.0,Abdullahi,SUN,Forward,0.0,0,0.0,0.0
10,528.0,Patterson,SUN,Goalkeeper,0.0,0,0.0,0.0
10,529.0,Moore,SUN,Goalkeeper,0.0,0,0.0,0.0
10,530.0,Nna Noukeu,SUN,Goalkeeper,0.0,0,0.0,0.0
10,534.0,Anderson,SUN,Defender,0.0,0,0.0,0.0
10,535.0,Cirkin,SUN,Defender,0.0,0,0.0,0.0
10,536.0,Hjelde,SUN,Defender,0.0,0,0.0,0.0
10,537.0,Huggins,SUN,Defender,0.0,0,0.0,0.0
10,538.0,Johnson,SUN,Defender,0.0,0,0.0,0.0
10,539.0,O'Nien,SUN,Defender,0.0,0,0.0,0.0
10,540.0,Pembele,SUN,Defender,0.0,0,0.0,0.0
10,533.0,Alese,SUN,Defender,0.0,0,0.0,0.0
10,558.0,Matete,SUN,Midfielder,0.0,0,0.0,0.0
10,542.0,Seelt,SUN,Defender,0.0,0,0.0,0.0
10,544.0,Diarra,SUN,Midfielder,0.0,0,0.0,0.0
10,545.0,Roberts,SUN,Midfielder,0.0,0,0.0,0.0
10,546.0,Aleksić,SUN,Midfielder,0.0,0,0.0,0.0
10,548.0,Mundle,SUN,Midfielder,0.0,0,0.0,0.0
10,550.0,Poveda,SUN,Midfielder,0.0,0,0.0,0.0
10,554.0,Ba,SUN,Midfielder,0.0,0,0.0,0.0
10,555.0,Browne,SUN,Midfielder,0.0,0,0.0,0.0
10,556.0,Ekwah,SUN,Midfielder,0.0,0,0.0,0.0
10,557.0,H.Jones,SUN,Midfielder,0.0,0,0.0,0.0
10,678.0,Masuaku,SUN,Defender,0.0,0,0.0,0.0
10,585.0,Bentancur,TOT,Midfielder,3.61,0,3.61,3.61
10,565.0,Vicario,TOT,Goalkeeper,1.675,4,-2.325,2.325
10,673.0,J.Palhinha,TOT,Midfielder,6.13,4,2.13,2.13
10,717.0,Xavi,TOT,Midfielder,1.01,3,-1.99,1.99
10,726.0,Kolo Muani,TOT,Forward,0.04,2,-1.96,1.96
10,575.0,Van de Ven,TOT,Defender,3.865,2,1.8650000000000002,1.8650000000000002
10,593.0,P.M.Sarr,TOT,Midfielder,2.415,4,-1.585,1.585
10,582.0,Kudus,TOT,Midfielder,2.435,1,1.435,1.435
10,584.0,Tel,TOT,Midfielder,1.35,0,1.35,1.35
10,570.0,Danso,TOT,Defender,1.19,0,1.19,1.19
10,574.0,Udogie,TOT,Defender,1.81,1,0.81,0.81
10,568.0,Pedro Porro,TOT,Defender,1.61,2,-0.3899999999999999,0.3899999999999999
10,573.0,Spence,TOT,Defender,1.64,2,-0.3600000000000001,0.3600000000000001
10,569.0,Romero,TOT,Defender,1.29,1,0.29000000000000004,0.29000000000000004
10,588.0,Odobert,TOT,Midfielder,1.13,1,0.1299999999999999,0.1299999999999999
10,597.0,Richarlison,TOT,Forward,0.895,1,-0.10499999999999998,0.10499999999999998
10,586.0,Bergvall,TOT,Midfielder,0.97,1,-0.030000000000000027,0.030000000000000027
10,592.0,Moore,TOT,Midfielder,0.0,0,0.0,0.0
10,566.0,Austin,TOT,Goalkeeper,0.0,0,0.0,0.0
10,594.0,Min-hyeok,TOT,Midfielder,0.0,0,0.0,0.0
10,595.0,Olusesi,TOT,Midfielder,0.0,0,0.0,0.0
10,596.0,Solanke,TOT,Forward,0.0,0,0.0,0.0
10,598.0,Lankshear,TOT,Forward,0.0,0,0.0,0.0
10,599.0,Scarlett,TOT,Forward,0.0,0,0.0,0.0
10,571.0,Davies,TOT,Defender,0.0,0,0.0,0.0
10,567.0,Kinsky,TOT,Goalkeeper,0.0,0,0.0,0.0
10,572.0,Dragusin,TOT,Defender,0.0,0,0.0,0.0
10,576.0,Phillips,TOT,Defender,0.0,0,0.0,0.0
10,577.0,Takai,TOT,Defender,0.0,0,0.0,0.0
10,578.0,Vuskovic,TOT,Defender,0.0,0,0.0,0.0
10,579.0,Son,TOT,Midfielder,0.0,0,0.0,0.0
10,581.0,Maddison,TOT,Midfielder,0.0,0,0.0,0.0
10,583.0,Kulusevski,TOT,Midfielder,0.0,0,0.0,0.0
10,587.0,Bissouma,TOT,Midfielder,0.0,0,0.0,0.0
10,589.0,Solomon,TOT,Midfielder,0.0,0,0.0,0.0
10,591.0,Gray,TOT,Midfielder,0.0,0,0.0,0.0
10,590.0,Bryan,TOT,Midfielder,0.0,0,0.0,0.0
10,745.0,Byfield,TOT,Defender,0.0,0,0.0,0.0
10,610.0,Wan-Bissaka,WHU,Defender,0.135,7,-6.865,6.865
10,612.0,L.Paquetá,WHU,Midfielder,2.95,9,-6.05,6.05
10,613.0,Souček,WHU,Midfielder,0.025,6,-5.975,5.975
10,708.0,M.Fernandes,WHU,Midfielder,1.705,7,-5.295,5.295
10,624.0,Bowen,WHU,Forward,6.145,2,4.145,4.145
10,609.0,Todibo,WHU,Defender,0.005,4,-3.995,3.995
10,671.0,Wilson,WHU,Forward,0.0,2,-2.0,2.0
10,625.0,Füllkrug,WHU,Forward,1.725,0,1.725,1.725
10,623.0,Potts,WHU,Midfielder,0.9,2,-1.1,1.1
10,621.0,Irving,WHU,Midfielder,1.095,0,1.095,1.095
10,606.0,Mavropanos,WHU,Defender,1.045,0,1.045,1.045
10,603.0,Diouf,WHU,Defender,3.015,2,1.0150000000000001,1.0150000000000001
10,619.0,L.Guilherme,WHU,Midfielder,1.01,0,1.01,1.01
10,600.0,Areola,WHU,Goalkeeper,2.66,3,-0.33999999999999986,0.33999999999999986
10,615.0,Summerville,WHU,Midfielder,1.805,2,-0.19500000000000006,0.19500000000000006
10,618.0,G.Rodriguez,WHU,Midfielder,0.08,0,0.08,0.08
10,605.0,Kilman,WHU,Defender,2.065,2,0.06499999999999995,0.06499999999999995
10,608.0,Scarles,WHU,Defender,0.06,0,0.06,0.06
10,659.0,Walker-Peters,WHU,Defender,0.98,1,-0.020000000000000018,0.020000000000000018
10,602.0,Hegyi,WHU,Goalkeeper,0.0,0,0.0,0.0
10,601.0,Foderingham,WHU,Goalkeeper,0.0,0,0.0,0.0
10,604.0,Emerson,WHU,Defender,0.0,0,0.0,0.0
10,617.0,Cornet,WHU,Midfielder,0.0,0,0.0,0.0
10,679.0,Hermansen,WHU,Goalkeeper,0.0,0,0.0,0.0
10,622.0,Orford,WHU,Midfielder,0.0,0,0.0,0.0
10,626.0,Marshall,WHU,Forward,0.0,0,0.0,0.0
10,607.0,N.Aguerd,WHU,Defender,0.0,0,0.0,0.0
10,611.0,Casey,WHU,Defender,0.0,0,0.0,0.0
10,616.0,Álvarez,WHU,Midfielder,0.0,0,0.0,0.0
10,620.0,Earthy,WHU,Midfielder,0.0,0,0.0,0.0
10,718.0,S.Magassa,WHU,Midfielder,0.0,0,0.0,0.0
10,738.0,Fabianski,WHU,Goalkeeper,0.0,0,0.0,0.0
10,636.0,S.Bueno,WOL,Defender,8.89,2,6.890000000000001,6.890000000000001
10,663.0,J.Arias,WOL,Midfielder,5.225,1,4.225,4.225
10,631.0,Agbadou,WOL,Defender,1.015,-3,4.015,4.015
10,634.0,Mosquera,WOL,Defender,0.0,-3,3.0,3.0
10,643.0,André,WOL,Midfielder,2.89,1,1.8900000000000001,1.8900000000000001
10,648.0,Munetsi,WOL,Midfielder,2.525,4,-1.475,1.475
10,695.0,Tchatchoua,WOL,Defender,1.245,0,1.245,1.245
10,644.0,Bellegarde,WOL,Midfielder,0.915,2,-1.085,1.085
10,637.0,Toti,WOL,Defender,1.015,0,1.015,1.015
10,638.0,Hoever,WOL,Defender,0.0,1,-1.0,1.0
10,642.0,Hee Chan,WOL,Midfielder,0.935,0,0.935,0.935
10,633.0,H.Bueno,WOL,Defender,1.61,1,0.6100000000000001,0.6100000000000001
10,627.0,Johnstone,WOL,Goalkeeper,1.56,2,-0.43999999999999995,0.43999999999999995
10,709.0,Krejčí,WOL,Defender,1.43,1,0.42999999999999994,0.42999999999999994
10,645.0,Fer López,WOL,Midfielder,0.01,0,0.01,0.01
10,720.0,Tolu,WOL,Forward,0.995,1,-0.0050000000000000044,0.0050000000000000044
10,635.0,R.Gomes,WOL,Defender,0.005,0,0.005,0.005
10,658.0,Fraser,WOL,Forward,0.0,0,0.0,0.0
10,682.0,Møller Wolfe,WOL,Defender,0.0,0,0.0,0.0
10,656.0,Kalajdžić,WOL,Forward,0.0,0,0.0,0.0
10,657.0,Chiwome,WOL,Forward,0.0,0,0.0,0.0
10,628.0,José Sá,WOL,Goalkeeper,0.0,0,0.0,0.0
10,629.0,Bentley,WOL,Goalkeeper,0.0,0,0.0,0.0
10,632.0,Doherty,WOL,Defender,0.0,0,0.0,0.0
10,639.0,Meupiyou,WOL,Defender,0.0,0,0.0,0.0
10,640.0,Pedro Lima,WOL,Defender,0.0,0,0.0,0.0
10,641.0,Pond,WOL,Defender,0.0,0,0.0,0.0
10,647.0,Guedes,WOL,Midfielder,0.0,0,0.0,0.0
10,649.0,B.Traore,WOL,Midfielder,0.0,0,0.0,0.0
10,650.0,Chirewa,WOL,Midfielder,0.0,0,0.0,0.0
10,651.0,Edozie,WOL,Midfielder,0.0,0,0.0,0.0
10,652.0,Gonzalez,WOL,Midfielder,0.0,0,0.0,0.0
10,655.0,Fábio Silva,WOL,Forward,0.0,0,0.0,0.0
10,653.0,Hodge,WOL,Midfielder,0.0,0,0.0,0.0
